experiment_id,phase,model,dataset_size,split_version,seed,tfidf_params,model_params,eval_split,macro_f1,mae,accuracy,train_time,inference_time,notes
20260930-094909-1a4ce1,2,tfidf-word12+logreg (smoke),20000,v1,42,"{""analyzer"": ""word"", ""max_features"": 200000, ""min_df"": 3, ""ngram_range"": [1, 2], ""sublinear_tf"": true}","{""C"": 1.0, ""class_weight"": null, ""max_iter"": 1000}",val,0.3775,0.3022,0.835,4.52,3.16,smoke test
20261001-085426-882c29,3,tfidf-word+logreg,50000,v1,42,"{""word"": {""analyzer"": ""word"", ""max_features"": 300000, ""min_df"": 3, ""ngram_range"": [1, 2], ""sublinear_tf"": true}}","{""C"": 1.0, ""class_weight"": null, ""max_iter"": 300, ""solver"": ""lbfgs""}",val,0.4241,0.2591,0.8471,11.12,2.88,comparison size=50000
20261001-085444-86ae51,3,tfidf-word+logreg,50000,v1,42,"{""word"": {""analyzer"": ""word"", ""max_features"": 300000, ""min_df"": 3, ""ngram_range"": [1, 2], ""sublinear_tf"": true}}","{""C"": 1.0, ""class_weight"": ""balanced"", ""max_iter"": 300, ""solver"": ""lbfgs""}",val,0.4987,0.2932,0.799,14.3,2.89,comparison size=50000
20261001-085609-be6941,3,tfidf-char+logreg,50000,v1,42,"{""char"": {""analyzer"": ""char_wb"", ""max_features"": 500000, ""min_df"": 5, ""ngram_range"": [2, 5], ""sublinear_tf"": true}}","{""C"": 1.0, ""class_weight"": null, ""max_iter"": 300, ""solver"": ""lbfgs""}",val,0.4428,0.242,0.8504,42.43,42.92,comparison size=50000
20261001-085735-9addc7,3,tfidf-char+logreg,50000,v1,42,"{""char"": {""analyzer"": ""char_wb"", ""max_features"": 500000, ""min_df"": 5, ""ngram_range"": [2, 5], ""sublinear_tf"": true}}","{""C"": 1.0, ""class_weight"": ""balanced"", ""max_iter"": 300, ""solver"": ""lbfgs""}",val,0.4915,0.3167,0.7789,54.79,31.31,comparison size=50000
20261001-085958-1009c2,3,tfidf-word+char+logreg,50000,v1,42,"{""char"": {""analyzer"": ""char_wb"", ""max_features"": 500000, ""min_df"": 5, ""ngram_range"": [2, 5], ""sublinear_tf"": true}, ""word"": {""analyzer"": ""word"", ""max_features"": 300000, ""min_df"": 3, ""ngram_range"": [1, 2], ""sublinear_tf"": true}}","{""C"": 1.0, ""class_weight"": null, ""max_iter"": 300, ""solver"": ""lbfgs""}",val,0.4648,0.2279,0.8548,92.1,50.83,comparison size=50000
20261001-090128-975c25,3,tfidf-word+char+logreg,50000,v1,42,"{""char"": {""analyzer"": ""char_wb"", ""max_features"": 500000, ""min_df"": 5, ""ngram_range"": [2, 5], ""sublinear_tf"": true}, ""word"": {""analyzer"": ""word"", ""max_features"": 300000, ""min_df"": 3, ""ngram_range"": [1, 2], ""sublinear_tf"": true}}","{""C"": 1.0, ""class_weight"": ""balanced"", ""max_iter"": 300, ""solver"": ""lbfgs""}",val,0.5073,0.2693,0.8096,61.36,28.35,comparison size=50000
20261001-090428-dc017b,3,tfidf-word+char+logreg,10000,v1,42,"{""char"": {""analyzer"": ""char_wb"", ""max_features"": 500000, ""min_df"": 5, ""ngram_range"": [2, 5], ""sublinear_tf"": true}, ""word"": {""analyzer"": ""word"", ""max_features"": 300000, ""min_df"": 3, ""ngram_range"": [1, 2], ""sublinear_tf"": true}}","{""C"": 1.0, ""class_weight"": ""balanced"", ""max_iter"": 300, ""solver"": ""lbfgs""}",val,0.4825,0.288,0.8069,10.36,27.34,learning curve size=10000 repeat=0
20261001-090505-8e6113,3,tfidf-word+char+logreg,10000,v1,43,"{""char"": {""analyzer"": ""char_wb"", ""max_features"": 500000, ""min_df"": 5, ""ngram_range"": [2, 5], ""sublinear_tf"": true}, ""word"": {""analyzer"": ""word"", ""max_features"": 300000, ""min_df"": 3, ""ngram_range"": [1, 2], ""sublinear_tf"": true}}","{""C"": 1.0, ""class_weight"": ""balanced"", ""max_iter"": 300, ""solver"": ""lbfgs""}",val,0.4799,0.2903,0.8061,9.76,26.9,learning curve size=10000 repeat=1
20261001-090542-446bff,3,tfidf-word+char+logreg,10000,v1,44,"{""char"": {""analyzer"": ""char_wb"", ""max_features"": 500000, ""min_df"": 5, ""ngram_range"": [2, 5], ""sublinear_tf"": true}, ""word"": {""analyzer"": ""word"", ""max_features"": 300000, ""min_df"": 3, ""ngram_range"": [1, 2], ""sublinear_tf"": true}}","{""C"": 1.0, ""class_weight"": ""balanced"", ""max_iter"": 300, ""solver"": ""lbfgs""}",val,0.4804,0.2928,0.8061,10.08,26.98,learning curve size=10000 repeat=2
20261001-090639-c75b78,3,tfidf-word+char+logreg,25000,v1,42,"{""char"": {""analyzer"": ""char_wb"", ""max_features"": 500000, ""min_df"": 5, ""ngram_range"": [2, 5], ""sublinear_tf"": true}, ""word"": {""analyzer"": ""word"", ""max_features"": 300000, ""min_df"": 3, ""ngram_range"": [1, 2], ""sublinear_tf"": true}}","{""C"": 1.0, ""class_weight"": ""balanced"", ""max_iter"": 300, ""solver"": ""lbfgs""}",val,0.4986,0.2766,0.8074,28.56,28.17,learning curve size=25000 repeat=0
20261001-090737-6b27d9,3,tfidf-word+char+logreg,25000,v1,43,"{""char"": {""analyzer"": ""char_wb"", ""max_features"": 500000, ""min_df"": 5, ""ngram_range"": [2, 5], ""sublinear_tf"": true}, ""word"": {""analyzer"": ""word"", ""max_features"": 300000, ""min_df"": 3, ""ngram_range"": [1, 2], ""sublinear_tf"": true}}","{""C"": 1.0, ""class_weight"": ""balanced"", ""max_iter"": 300, ""solver"": ""lbfgs""}",val,0.4994,0.2788,0.8074,30.16,28.44,learning curve size=25000 repeat=1
20261001-090835-c930ab,3,tfidf-word+char+logreg,25000,v1,44,"{""char"": {""analyzer"": ""char_wb"", ""max_features"": 500000, ""min_df"": 5, ""ngram_range"": [2, 5], ""sublinear_tf"": true}, ""word"": {""analyzer"": ""word"", ""max_features"": 300000, ""min_df"": 3, ""ngram_range"": [1, 2], ""sublinear_tf"": true}}","{""C"": 1.0, ""class_weight"": ""balanced"", ""max_iter"": 300, ""solver"": ""lbfgs""}",val,0.4956,0.2788,0.8068,29.11,28.61,learning curve size=25000 repeat=2
20261001-091006-409b41,3,tfidf-word+char+logreg,50000,v1,42,"{""char"": {""analyzer"": ""char_wb"", ""max_features"": 500000, ""min_df"": 5, ""ngram_range"": [2, 5], ""sublinear_tf"": true}, ""word"": {""analyzer"": ""word"", ""max_features"": 300000, ""min_df"": 3, ""ngram_range"": [1, 2], ""sublinear_tf"": true}}","{""C"": 1.0, ""class_weight"": ""balanced"", ""max_iter"": 300, ""solver"": ""lbfgs""}",val,0.5073,0.2693,0.8096,60.95,29.81,learning curve size=50000 repeat=0
20261001-091145-e74117,3,tfidf-word+char+logreg,50000,v1,43,"{""char"": {""analyzer"": ""char_wb"", ""max_features"": 500000, ""min_df"": 5, ""ngram_range"": [2, 5], ""sublinear_tf"": true}, ""word"": {""analyzer"": ""word"", ""max_features"": 300000, ""min_df"": 3, ""ngram_range"": [1, 2], ""sublinear_tf"": true}}","{""C"": 1.0, ""class_weight"": ""balanced"", ""max_iter"": 300, ""solver"": ""lbfgs""}",val,0.5101,0.2699,0.809,69.96,28.63,learning curve size=50000 repeat=1
20261001-091317-00fa71,3,tfidf-word+char+logreg,50000,v1,44,"{""char"": {""analyzer"": ""char_wb"", ""max_features"": 500000, ""min_df"": 5, ""ngram_range"": [2, 5], ""sublinear_tf"": true}, ""word"": {""analyzer"": ""word"", ""max_features"": 300000, ""min_df"": 3, ""ngram_range"": [1, 2], ""sublinear_tf"": true}}","{""C"": 1.0, ""class_weight"": ""balanced"", ""max_iter"": 300, ""solver"": ""lbfgs""}",val,0.5108,0.2679,0.8104,62.93,29.64,learning curve size=50000 repeat=2
20261001-091632-e2163f,3,tfidf-word+char+logreg,100000,v1,42,"{""char"": {""analyzer"": ""char_wb"", ""max_features"": 500000, ""min_df"": 5, ""ngram_range"": [2, 5], ""sublinear_tf"": true}, ""word"": {""analyzer"": ""word"", ""max_features"": 300000, ""min_df"": 3, ""ngram_range"": [1, 2], ""sublinear_tf"": true}}","{""C"": 1.0, ""class_weight"": ""balanced"", ""max_iter"": 300, ""solver"": ""lbfgs""}",val,0.5167,0.2581,0.8128,165.14,29.5,learning curve size=100000 repeat=0
20261001-091953-17f541,3,tfidf-word+char+logreg,100000,v1,43,"{""char"": {""analyzer"": ""char_wb"", ""max_features"": 500000, ""min_df"": 5, ""ngram_range"": [2, 5], ""sublinear_tf"": true}, ""word"": {""analyzer"": ""word"", ""max_features"": 300000, ""min_df"": 3, ""ngram_range"": [1, 2], ""sublinear_tf"": true}}","{""C"": 1.0, ""class_weight"": ""balanced"", ""max_iter"": 300, ""solver"": ""lbfgs""}",val,0.5217,0.2605,0.8109,171.41,29.56,learning curve size=100000 repeat=1
20261001-092257-509df6,3,tfidf-word+char+logreg,100000,v1,44,"{""char"": {""analyzer"": ""char_wb"", ""max_features"": 500000, ""min_df"": 5, ""ngram_range"": [2, 5], ""sublinear_tf"": true}, ""word"": {""analyzer"": ""word"", ""max_features"": 300000, ""min_df"": 3, ""ngram_range"": [1, 2], ""sublinear_tf"": true}}","{""C"": 1.0, ""class_weight"": ""balanced"", ""max_iter"": 300, ""solver"": ""lbfgs""}",val,0.5238,0.2573,0.8131,153.96,29.3,learning curve size=100000 repeat=2
20261001-094915-04977c,3,tfidf-word+char+logreg,100000,v1,42,"{""char"": {""analyzer"": ""char_wb"", ""max_features"": 500000, ""min_df"": 5, ""ngram_range"": [2, 5], ""sublinear_tf"": true}, ""word"": {""analyzer"": ""word"", ""max_features"": 300000, ""min_df"": 3, ""ngram_range"": [1, 2], ""sublinear_tf"": true}}","{""C"": 1.0, ""class_weight"": ""balanced"", ""max_iter"": 300, ""solver"": ""lbfgs""}",test,0.5147,0.2706,0.8061,428.02,37.11,FINAL baseline on test
20261001-122420-c772e7,4,rubert-tiny2,50000,v1,42,,"{""batch_size"": 32, ""class_weight"": ""none"", ""epochs"": 3, ""learning_rate"": 3e-05, ""length_bucketing"": true, ""max_length"": 256, ""warmup_ratio"": 0.06, ""weight_decay"": 0.01}",val,0.4851,0.2035,0.8571,2970.35,69.34,search size=50000 val=72662
20261001-130328-c9c11b,4,rubert-tiny2,50000,v1,42,,"{""batch_size"": 32, ""class_weight"": ""balanced"", ""epochs"": 3, ""learning_rate"": 3e-05, ""length_bucketing"": true, ""max_length"": 256, ""warmup_ratio"": 0.06, ""weight_decay"": 0.01}",val,0.5271,0.2648,0.7897,2275.07,70.64,search size=50000 val=72662
20261001-134050-3d9918,4,rubert-tiny2,50000,v1,42,,"{""batch_size"": 32, ""class_weight"": ""none"", ""epochs"": 3, ""learning_rate"": 3e-05, ""length_bucketing"": true, ""max_length"": 256, ""warmup_ratio"": 0.06, ""weight_decay"": 0.01}",val,0.4879,0.2033,0.8566,179.77,41.53,search size=50000 val=72662 | device=cuda
20261001-134428-67c695,4,rubert-tiny2,50000,v1,42,,"{""batch_size"": 32, ""class_weight"": ""balanced"", ""epochs"": 3, ""learning_rate"": 3e-05, ""length_bucketing"": true, ""max_length"": 256, ""warmup_ratio"": 0.06, ""weight_decay"": 0.01}",val,0.5218,0.2712,0.784,194.23,21.95,search size=50000 val=72662 | device=cuda
20261001-134706-1cca46,4,rubert-tiny2,50000,v1,42,,"{""batch_size"": 32, ""class_weight"": ""none"", ""epochs"": 3, ""learning_rate"": 5e-05, ""length_bucketing"": true, ""max_length"": 256, ""warmup_ratio"": 0.06, ""weight_decay"": 0.01}",val,0.5072,0.1993,0.8572,142.54,12.91,search size=50000 val=72662 | device=cuda
20261001-134922-e611d0,4,rubert-tiny2,50000,v1,42,,"{""batch_size"": 32, ""class_weight"": ""balanced"", ""epochs"": 3, ""learning_rate"": 5e-05, ""length_bucketing"": true, ""max_length"": 256, ""warmup_ratio"": 0.06, ""weight_decay"": 0.01}",val,0.5253,0.2611,0.79,122.72,12.52,search size=50000 val=72662 | device=cuda
20261001-135140-412f20,4,rubert-tiny2,50000,v1,42,,"{""batch_size"": 32, ""class_weight"": ""none"", ""epochs"": 3, ""learning_rate"": 0.0001, ""length_bucketing"": true, ""max_length"": 256, ""warmup_ratio"": 0.06, ""weight_decay"": 0.01}",val,0.5308,0.2007,0.8543,122.98,12.63,search size=50000 val=72662 | device=cuda
20261001-135355-3f9130,4,rubert-tiny2,50000,v1,42,,"{""batch_size"": 32, ""class_weight"": ""balanced"", ""epochs"": 3, ""learning_rate"": 0.0001, ""length_bucketing"": true, ""max_length"": 256, ""warmup_ratio"": 0.06, ""weight_decay"": 0.01}",val,0.5272,0.255,0.7973,121.49,12.5,search size=50000 val=72662 | device=cuda
20261001-142249-9d3414,4,rubert-tiny2,351249,v1,42,,"{""batch_size"": 32, ""class_weight"": ""none"", ""epochs"": 3, ""learning_rate"": 0.0001, ""length_bucketing"": true, ""max_length"": 256, ""warmup_ratio"": 0.06, ""weight_decay"": 0.01}",val,0.5635,0.1779,0.8672,858.19,38.77,FINAL transformer seed=42 | device=cuda
20261001-142305-81c292,4,rubert-tiny2,351249,v1,42,,"{""batch_size"": 32, ""class_weight"": ""none"", ""epochs"": 3, ""learning_rate"": 0.0001, ""length_bucketing"": true, ""max_length"": 256, ""warmup_ratio"": 0.06, ""weight_decay"": 0.01}",test,0.5627,0.1832,0.8648,858.19,15.78,FINAL transformer seed=42 | device=cuda
20261001-143755-701e15,4,rubert-tiny2,351249,v1,123,,"{""batch_size"": 32, ""class_weight"": ""none"", ""epochs"": 3, ""learning_rate"": 0.0001, ""length_bucketing"": true, ""max_length"": 256, ""warmup_ratio"": 0.06, ""weight_decay"": 0.01}",val,0.5654,0.1774,0.8691,868.83,18.22,FINAL transformer seed=123 | device=cuda
20261001-143815-43add4,4,rubert-tiny2,351249,v1,123,,"{""batch_size"": 32, ""class_weight"": ""none"", ""epochs"": 3, ""learning_rate"": 0.0001, ""length_bucketing"": true, ""max_length"": 256, ""warmup_ratio"": 0.06, ""weight_decay"": 0.01}",test,0.5558,0.1845,0.8645,868.83,20.46,FINAL transformer seed=123 | device=cuda
20261001-145356-1b0739,4,rubert-tiny2,351249,v1,2026,,"{""batch_size"": 32, ""class_weight"": ""none"", ""epochs"": 3, ""learning_rate"": 0.0001, ""length_bucketing"": true, ""max_length"": 256, ""warmup_ratio"": 0.06, ""weight_decay"": 0.01}",val,0.5651,0.1758,0.8686,925.75,11.8,FINAL transformer seed=2026 | device=cuda
20261001-145408-995c5d,4,rubert-tiny2,351249,v1,2026,,"{""batch_size"": 32, ""class_weight"": ""none"", ""epochs"": 3, ""learning_rate"": 0.0001, ""length_bucketing"": true, ""max_length"": 256, ""warmup_ratio"": 0.06, ""weight_decay"": 0.01}",test,0.5614,0.1826,0.865,925.75,12.05,FINAL transformer seed=2026 | device=cuda
