size,repeat,seed,macro_f1,mae,accuracy,train_time,inference_time
10000,0,42,0.4825298101376294,0.28797720954556716,0.8069417302028571,10.362531900405884,27.340269088745117
10000,1,43,0.4799262660068607,0.2903443340398007,0.8060609396933748,9.756960153579712,26.899203777313232
10000,2,44,0.48043084583634227,0.29276650794087694,0.8060884643967962,10.07610273361206,26.975669384002686
25000,0,42,0.49858399094464756,0.2766095070325617,0.8074096501610195,28.564362049102783,28.165929079055786
25000,1,43,0.4993624271135747,0.2787701962511354,0.8073546007541769,30.16170907020569,28.435376167297363
25000,2,44,0.4956185400830977,0.2788390080096887,0.8068316313891718,29.110126495361328,28.60998272895813
50000,0,42,0.5073218794301374,0.2693154606259118,0.8095978640830145,60.94616651535034,29.805745124816895
50000,1,43,0.5100544992164956,0.26994852880460213,0.8090198453111668,69.95742177963257,28.625937461853027
50000,2,44,0.5108490616227662,0.2679254631031351,0.8104373675373648,62.93038773536682,29.643019199371338
100000,0,42,0.5166904861117956,0.2580578569265916,0.8128320167350197,165.14398550987244,29.504802942276
100000,1,43,0.5216927073552483,0.26048003082766785,0.8108640004403953,171.41068959236145,29.563867568969727
100000,2,44,0.5238106328883234,0.25727340287908396,0.8130797390658115,153.95569491386414,29.295209407806396
